acc,contingency,distances,p_val,shapelet,threshold
0.7076271186440678,"[86, 34, 37, 83]","[41.0, 92.0, 118.0, 72.0, 210.0, 107.0, 110.0, 218.0, 228.0, 30.0, 87.0, 177.0, 101.0, 35.0, 55.0, 126.0, 130.0, 156.0, 115.0, 170.0, 156.0, 126.0, 191.0, 150.0, 126.0, 68.0, 141.0, 117.0, 102.0, 102.0, 326.0, 105.0, 246.0, 48.0, 102.0, 130.0, 146.0, 136.0, 138.0, 201.0, 66.0, 106.0, 90.0, 98.0, 98.0, 105.0, 66.0, 49.0, 178.0, 94.0, 77.0, 167.0, 154.0, 262.0, 100.0, 161.0, 105.0, 111.0, 115.0, 83.0, 158.0, 249.0, 126.0, 164.0, 130.0, 46.0, 133.0, 206.0, 157.0, 78.0, 188.0, 91.0, 105.0, 317.0, 118.0, 149.0, 275.0, 246.0, 50.0, 103.0, 102.0, 195.0, 210.0, 284.0, 130.0, 62.0, 74.0, 75.0, 131.0, 73.0, 144.0, 90.0, 66.0, 211.0, 87.0, 66.0, 126.0, 23.0, 39.0, 86.0, 125.0, 188.0, 138.0, 207.0, 115.0, 45.0, 123.0, 42.0, 202.0, 123.0, 62.0, 132.0, 145.0, 124.0, 100.0, 126.0, 266.0, 146.0, 47.0, 99.0, 79.0, 116.0, 81.0, 70.0, 76.0, 98.0, 54.0, 30.0, 45.0, 126.0, 30.0, 94.0, 125.0, 43.0, 141.0, 51.0, 92.0, 98.0, 130.0, 131.0, 138.0, 56.0, 107.0, 66.0, 67.0, 73.0, 63.0, 106.0, 65.0, 61.0, 47.0, 41.0, 30.0, 65.0, 81.0, 199.0, 99.0, 97.0, 127.0, 33.0, 85.0, 52.0, 74.0, 134.0, 51.0, 78.0, 84.0, 87.0, 50.0, 60.0, 132.0, 90.0, 106.0, 54.0, 69.0, 70.0, 69.0, 99.0, 126.0, 11.0, 7.0, 78.0, 120.0, 85.0, 94.0, 70.0, 140.0, 98.0, 75.0, 48.0, 77.0, 94.0, 306.0, 75.0, 35.0, 66.0, 189.0, 166.0, 87.0, 85.0, 89.0, 61.0, 95.0, 189.0, 62.0, 129.0, 138.0, 45.0, 114.0, 138.0, 214.0, 76.0, 62.0, 122.0, 90.0, 206.0, 78.0, 138.0, 20.0, 54.0, 50.0, 115.0, 35.0, 83.0, 68.0, 57.0, 31.0, 81.0, 50.0, 130.0, 129.0, 82.0, 148.0, 73.0, 60.0, 42.0]",2.485997192189955e-10,"[23, 16, 9, 31]",99
0.6313559322033898,"[94, 26, 63, 57]","[310.0, 260.0, 271.0, 252.0, 498.0, 273.0, 225.0, 456.0, 425.0, 164.0, 222.0, 499.0, 259.0, 262.0, 189.0, 255.0, 383.0, 383.0, 322.0, 278.0, 318.0, 327.0, 455.0, 417.0, 423.0, 402.0, 294.0, 357.0, 165.0, 231.0, 554.0, 378.0, 347.0, 206.0, 310.0, 290.0, 439.0, 241.0, 301.0, 401.0, 226.0, 301.0, 323.0, 372.0, 303.0, 453.0, 314.0, 345.0, 430.0, 321.0, 348.0, 394.0, 305.0, 652.0, 197.0, 333.0, 326.0, 226.0, 405.0, 287.0, 385.0, 542.0, 363.0, 385.0, 458.0, 236.0, 492.0, 462.0, 358.0, 177.0, 553.0, 157.0, 347.0, 628.0, 423.0, 257.0, 604.0, 546.0, 266.0, 276.0, 302.0, 429.0, 485.0, 559.0, 423.0, 356.0, 219.0, 305.0, 305.0, 309.0, 178.0, 474.0, 188.0, 462.0, 159.0, 294.0, 328.0, 299.0, 260.0, 238.0, 235.0, 336.0, 387.0, 473.0, 476.0, 159.0, 335.0, 246.0, 340.0, 167.0, 230.0, 454.0, 299.0, 398.0, 377.0, 346.0, 522.0, 362.0, 155.0, 307.0, 125.0, 346.0, 273.0, 221.0, 245.0, 189.0, 185.0, 227.0, 312.0, 206.0, 202.0, 339.0, 189.0, 126.0, 357.0, 142.0, 261.0, 204.0, 313.0, 139.0, 390.0, 210.0, 200.0, 174.0, 194.0, 225.0, 271.0, 205.0, 310.0, 175.0, 291.0, 109.0, 189.0, 322.0, 309.0, 410.0, 266.0, 420.0, 462.0, 196.0, 189.0, 209.0, 225.0, 230.0, 182.0, 263.0, 207.0, 339.0, 267.0, 159.0, 377.0, 235.0, 341.0, 249.0, 172.0, 228.0, 281.0, 315.0, 444.0, 213.0, 113.0, 269.0, 326.0, 244.0, 382.0, 219.0, 452.0, 173.0, 250.0, 292.0, 222.0, 242.0, 541.0, 154.0, 257.0, 105.0, 408.0, 467.0, 165.0, 100.0, 287.0, 187.0, 262.0, 388.0, 347.0, 267.0, 226.0, 130.0, 246.0, 431.0, 301.0, 191.0, 241.0, 170.0, 374.0, 378.0, 254.0, 348.0, 234.0, 254.0, 197.0, 221.0, 90.0, 336.0, 333.0, 222.0, 284.0, 162.0, 197.0, 330.0, 342.0, 343.0, 212.0, 258.0, 149.0, 237.0]",2.5871739118544668e-05,"[22, 34, 26, 1]",335
0.6313559322033898,"[79, 41, 48, 72]","[52.0, 30.0, 26.0, 87.0, 126.0, 58.0, 52.0, 137.0, 103.0, 8.0, 70.0, 121.0, 39.0, 21.0, 51.0, 62.0, 67.0, 131.0, 39.0, 123.0, 11.0, 77.0, 102.0, 122.0, 78.0, 54.0, 127.0, 85.0, 27.0, 54.0, 210.0, 54.0, 78.0, 15.0, 39.0, 69.0, 106.0, 68.0, 27.0, 101.0, 37.0, 21.0, 38.0, 89.0, 25.0, 90.0, 27.0, 47.0, 129.0, 46.0, 58.0, 135.0, 66.0, 218.0, 191.0, 86.0, 42.0, 62.0, 86.0, 34.0, 93.0, 287.0, 59.0, 79.0, 76.0, 46.0, 63.0, 109.0, 94.0, 35.0, 134.0, 101.0, 37.0, 222.0, 87.0, 71.0, 218.0, 154.0, 44.0, 70.0, 100.0, 103.0, 126.0, 150.0, 69.0, 33.0, 57.0, 46.0, 82.0, 47.0, 57.0, 38.0, 21.0, 66.0, 56.0, 93.0, 83.0, 10.0, 50.0, 25.0, 42.0, 86.0, 66.0, 129.0, 114.0, 60.0, 42.0, 15.0, 120.0, 10.0, 40.0, 61.0, 53.0, 110.0, 78.0, 116.0, 221.0, 87.0, 44.0, 39.0, 76.0, 82.0, 15.0, 18.0, 14.0, 30.0, 15.0, 25.0, 50.0, 13.0, 18.0, 34.0, 44.0, 27.0, 66.0, 30.0, 58.0, 163.0, 66.0, 75.0, 93.0, 45.0, 38.0, 44.0, 35.0, 42.0, 60.0, 33.0, 69.0, 69.0, 34.0, 30.0, 14.0, 52.0, 36.0, 86.0, 26.0, 101.0, 59.0, 11.0, 87.0, 52.0, 60.0, 43.0, 9.0, 49.0, 20.0, 46.0, 29.0, 13.0, 61.0, 21.0, 57.0, 37.0, 186.0, 33.0, 42.0, 69.0, 105.0, 16.0, 30.0, 13.0, 46.0, 23.0, 38.0, 50.0, 90.0, 45.0, 26.0, 42.0, 57.0, 18.0, 190.0, 13.0, 30.0, 17.0, 90.0, 111.0, 71.0, 57.0, 52.0, 51.0, 44.0, 114.0, 54.0, 45.0, 56.0, 6.0, 82.0, 58.0, 146.0, 30.0, 71.0, 62.0, 55.0, 98.0, 42.0, 69.0, 57.0, 24.0, 35.0, 62.0, 10.0, 113.0, 57.0, 44.0, 45.0, 60.0, 19.0, 87.0, 83.0, 51.0, 114.0, 58.0, 25.0, 30.0]",6.099983384688215e-05,"[13, 14, 29, 22]",57
0.6440677966101694,"[67, 53, 33, 87]","[46.0, 42.0, 26.0, 106.0, 180.0, 67.0, 52.0, 190.0, 145.0, 2.0, 62.0, 169.0, 63.0, 41.0, 71.0, 76.0, 95.0, 171.0, 65.0, 119.0, 27.0, 103.0, 122.0, 152.0, 116.0, 54.0, 131.0, 121.0, 33.0, 50.0, 276.0, 72.0, 90.0, 12.0, 42.0, 108.0, 138.0, 94.0, 57.0, 91.0, 42.0, 35.0, 48.0, 129.0, 27.0, 130.0, 38.0, 75.0, 177.0, 74.0, 88.0, 141.0, 86.0, 278.0, 217.0, 110.0, 66.0, 84.0, 108.0, 45.0, 133.0, 297.0, 101.0, 113.0, 110.0, 66.0, 77.0, 153.0, 138.0, 43.0, 190.0, 87.0, 69.0, 292.0, 123.0, 105.0, 294.0, 212.0, 33.0, 92.0, 90.0, 143.0, 182.0, 204.0, 93.0, 49.0, 63.0, 66.0, 120.0, 49.0, 83.0, 52.0, 41.0, 102.0, 82.0, 107.0, 104.0, 22.0, 50.0, 17.0, 56.0, 132.0, 100.0, 185.0, 170.0, 66.0, 66.0, 31.0, 142.0, 6.0, 30.0, 95.0, 89.0, 150.0, 106.0, 122.0, 285.0, 135.0, 50.0, 57.0, 86.0, 70.0, 17.0, 34.0, 18.0, 49.0, 31.0, 29.0, 61.0, 25.0, 13.0, 46.0, 42.0, 26.0, 75.0, 35.0, 62.0, 182.0, 66.0, 63.0, 129.0, 45.0, 58.0, 50.0, 19.0, 40.0, 59.0, 65.0, 77.0, 92.0, 14.0, 42.0, 12.0, 86.0, 38.0, 126.0, 26.0, 134.0, 81.0, 25.0, 75.0, 46.0, 42.0, 79.0, 10.0, 61.0, 34.0, 78.0, 13.0, 27.0, 75.0, 39.0, 53.0, 35.0, 178.0, 47.0, 68.0, 89.0, 151.0, 6.0, 27.0, 29.0, 52.0, 41.0, 60.0, 51.0, 126.0, 45.0, 34.0, 38.0, 93.0, 40.0, 262.0, 27.0, 54.0, 25.0, 126.0, 165.0, 103.0, 27.0, 78.0, 46.0, 70.0, 126.0, 66.0, 69.0, 82.0, 18.0, 81.0, 82.0, 138.0, 42.0, 103.0, 76.0, 85.0, 136.0, 50.0, 109.0, 59.0, 42.0, 15.0, 92.0, 12.0, 145.0, 81.0, 46.0, 57.0, 50.0, 13.0, 100.0, 107.0, 57.0, 98.0, 74.0, 45.0, 50.0]",8.521497664733935e-06,"[14, 14, 31, 23]",60
0.6016949152542372,"[52, 68, 28, 92]","[45.0, 111.0, 75.0, 146.0, 121.0, 110.0, 62.0, 201.0, 168.0, 78.0, 86.0, 123.0, 73.0, 67.0, 30.0, 45.0, 85.0, 92.0, 78.0, 219.0, 125.0, 79.0, 171.0, 79.0, 90.0, 150.0, 114.0, 95.0, 82.0, 166.0, 244.0, 94.0, 191.0, 70.0, 85.0, 120.0, 103.0, 105.0, 112.0, 243.0, 59.0, 106.0, 89.0, 103.0, 96.0, 81.0, 101.0, 76.0, 103.0, 91.0, 37.0, 141.0, 84.0, 327.0, 95.0, 112.0, 75.0, 114.0, 58.0, 61.0, 113.0, 314.0, 111.0, 122.0, 80.0, 29.0, 124.0, 147.0, 73.0, 114.0, 135.0, 171.0, 104.0, 311.0, 105.0, 119.0, 193.0, 189.0, 79.0, 46.0, 139.0, 147.0, 186.0, 211.0, 63.0, 67.0, 94.0, 46.0, 142.0, 51.0, 83.0, 117.0, 16.0, 171.0, 45.0, 112.0, 74.0, 75.0, 91.0, 125.0, 183.0, 138.0, 102.0, 142.0, 95.0, 43.0, 107.0, 54.0, 160.0, 189.0, 136.0, 142.0, 107.0, 171.0, 62.0, 109.0, 165.0, 128.0, 78.0, 53.0, 18.0, 55.0, 127.0, 53.0, 119.0, 74.0, 79.0, 30.0, 22.0, 89.0, 80.0, 76.0, 103.0, 85.0, 126.0, 91.0, 199.0, 12.0, 120.0, 126.0, 102.0, 87.0, 43.0, 59.0, 54.0, 127.0, 29.0, 28.0, 64.0, 10.0, 79.0, 34.0, 63.0, 122.0, 86.0, 159.0, 85.0, 130.0, 83.0, 11.0, 81.0, 42.0, 65.0, 73.0, 97.0, 58.0, 88.0, 35.0, 106.0, 78.0, 95.0, 47.0, 79.0, 88.0, 38.0, 32.0, 62.0, 24.0, 108.0, 89.0, 44.0, 63.0, 97.0, 79.0, 81.0, 92.0, 172.0, 94.0, 81.0, 87.0, 43.0, 111.0, 187.0, 89.0, 51.0, 46.0, 122.0, 97.0, 192.0, 110.0, 88.0, 49.0, 81.0, 178.0, 43.0, 58.0, 98.0, 39.0, 84.0, 103.0, 238.0, 56.0, 131.0, 85.0, 106.0, 127.0, 43.0, 109.0, 22.0, 79.0, 35.0, 69.0, 41.0, 53.0, 18.0, 114.0, 47.0, 43.0, 34.0, 122.0, 119.0, 97.0, 116.0, 60.0, 34.0, 31.0]",0.0010150009471130682,"[20, 21, 20, 7, 26]",75
0.6398305084745762,"[73, 47, 40, 80]","[47.0, 47.0, 23.0, 106.0, 169.0, 59.0, 59.0, 175.0, 138.0, 5.0, 63.0, 154.0, 58.0, 32.0, 68.0, 75.0, 84.0, 164.0, 66.0, 123.0, 28.0, 90.0, 123.0, 145.0, 105.0, 53.0, 132.0, 108.0, 30.0, 43.0, 263.0, 77.0, 73.0, 17.0, 35.0, 99.0, 135.0, 94.0, 54.0, 90.0, 49.0, 30.0, 37.0, 118.0, 30.0, 115.0, 33.0, 62.0, 168.0, 69.0, 81.0, 149.0, 85.0, 251.0, 206.0, 107.0, 65.0, 71.0, 107.0, 46.0, 126.0, 298.0, 94.0, 102.0, 103.0, 67.0, 66.0, 142.0, 133.0, 44.0, 175.0, 93.0, 68.0, 278.0, 108.0, 94.0, 281.0, 205.0, 42.0, 85.0, 105.0, 138.0, 167.0, 185.0, 88.0, 46.0, 54.0, 63.0, 121.0, 54.0, 78.0, 47.0, 38.0, 101.0, 77.0, 114.0, 106.0, 17.0, 45.0, 18.0, 61.0, 127.0, 95.0, 174.0, 163.0, 71.0, 61.0, 28.0, 159.0, 9.0, 33.0, 90.0, 80.0, 145.0, 97.0, 123.0, 268.0, 130.0, 51.0, 58.0, 86.0, 67.0, 18.0, 31.0, 17.0, 52.0, 26.0, 30.0, 52.0, 22.0, 18.0, 45.0, 47.0, 29.0, 82.0, 38.0, 69.0, 185.0, 67.0, 68.0, 124.0, 45.0, 50.0, 45.0, 20.0, 45.0, 62.0, 58.0, 72.0, 101.0, 17.0, 45.0, 13.0, 81.0, 33.0, 117.0, 23.0, 126.0, 74.0, 26.0, 78.0, 39.0, 37.0, 76.0, 7.0, 52.0, 25.0, 69.0, 20.0, 26.0, 74.0, 30.0, 56.0, 30.0, 189.0, 50.0, 63.0, 90.0, 138.0, 9.0, 36.0, 24.0, 49.0, 34.0, 51.0, 44.0, 107.0, 50.0, 37.0, 45.0, 80.0, 37.0, 249.0, 26.0, 49.0, 24.0, 125.0, 158.0, 98.0, 34.0, 79.0, 43.0, 63.0, 127.0, 63.0, 70.0, 77.0, 19.0, 86.0, 67.0, 137.0, 47.0, 90.0, 77.0, 82.0, 129.0, 55.0, 104.0, 54.0, 45.0, 14.0, 91.0, 9.0, 140.0, 78.0, 44.0, 60.0, 59.0, 18.0, 102.0, 106.0, 56.0, 105.0, 68.0, 42.0, 45.0]",1.976326995502408e-05,"[14, 14, 31, 22]",63
0.6610169491525424,"[85, 35, 47, 73]","[170.0, 167.0, 339.0, 367.0, 450.0, 260.0, 258.0, 517.0, 448.0, 34.0, 270.0, 483.0, 235.0, 311.0, 196.0, 246.0, 433.0, 498.0, 166.0, 366.0, 302.0, 429.0, 471.0, 418.0, 434.0, 232.0, 342.0, 429.0, 234.0, 311.0, 683.0, 310.0, 333.0, 131.0, 266.0, 347.0, 455.0, 350.0, 409.0, 404.0, 220.0, 272.0, 257.0, 314.0, 173.0, 412.0, 222.0, 432.0, 460.0, 362.0, 257.0, 407.0, 331.0, 672.0, 479.0, 355.0, 207.0, 304.0, 311.0, 170.0, 386.0, 511.0, 402.0, 383.0, 430.0, 339.0, 350.0, 481.0, 387.0, 159.0, 559.0, 312.0, 314.0, 705.0, 366.0, 366.0, 566.0, 597.0, 231.0, 354.0, 264.0, 459.0, 475.0, 598.0, 322.0, 226.0, 378.0, 258.0, 364.0, 183.0, 215.0, 292.0, 211.0, 474.0, 194.0, 181.0, 313.0, 185.0, 150.0, 223.0, 281.0, 392.0, 338.0, 457.0, 427.0, 119.0, 298.0, 158.0, 319.0, 178.0, 224.0, 402.0, 286.0, 386.0, 380.0, 349.0, 626.0, 383.0, 214.0, 268.0, 197.0, 308.0, 150.0, 164.0, 150.0, 234.0, 202.0, 125.0, 220.0, 294.0, 183.0, 270.0, 305.0, 152.0, 287.0, 283.0, 183.0, 176.0, 290.0, 342.0, 398.0, 231.0, 274.0, 224.0, 262.0, 222.0, 123.0, 260.0, 311.0, 162.0, 137.0, 177.0, 145.0, 317.0, 284.0, 390.0, 166.0, 406.0, 329.0, 205.0, 339.0, 248.0, 218.0, 170.0, 197.0, 338.0, 217.0, 326.0, 139.0, 175.0, 331.0, 231.0, 258.0, 223.0, 159.0, 243.0, 307.0, 367.0, 482.0, 129.0, 54.0, 284.0, 288.0, 312.0, 322.0, 174.0, 482.0, 241.0, 221.0, 127.0, 370.0, 235.0, 563.0, 211.0, 223.0, 162.0, 374.0, 436.0, 322.0, 175.0, 291.0, 254.0, 250.0, 392.0, 285.0, 286.0, 342.0, 214.0, 271.0, 331.0, 424.0, 193.0, 209.0, 294.0, 389.0, 462.0, 216.0, 386.0, 171.0, 155.0, 154.0, 361.0, 165.0, 355.0, 254.0, 226.0, 163.0, 318.0, 277.0, 311.0, 403.0, 270.0, 319.0, 295.0, 207.0, 208.0]",8.202222446039412e-07,"[14, 4, 34, 27, 25]",310
0.6271186440677966,"[65, 55, 35, 85]","[113.0, 61.0, 85.0, 129.0, 225.0, 140.0, 95.0, 238.0, 177.0, 11.0, 114.0, 234.0, 110.0, 82.0, 118.0, 139.0, 162.0, 218.0, 46.0, 154.0, 42.0, 182.0, 181.0, 209.0, 169.0, 129.0, 222.0, 147.0, 82.0, 121.0, 306.0, 101.0, 167.0, 36.0, 98.0, 138.0, 201.0, 137.0, 70.0, 158.0, 90.0, 82.0, 113.0, 170.0, 66.0, 193.0, 80.0, 122.0, 230.0, 115.0, 137.0, 204.0, 125.0, 325.0, 338.0, 164.0, 99.0, 139.0, 171.0, 102.0, 174.0, 373.0, 122.0, 180.0, 169.0, 103.0, 160.0, 214.0, 165.0, 90.0, 239.0, 84.0, 78.0, 337.0, 190.0, 168.0, 315.0, 249.0, 54.0, 157.0, 115.0, 198.0, 217.0, 261.0, 162.0, 102.0, 138.0, 115.0, 133.0, 98.0, 114.0, 115.0, 78.0, 125.0, 114.0, 130.0, 141.0, 51.0, 43.0, 54.0, 77.0, 159.0, 147.0, 218.0, 181.0, 77.0, 119.0, 30.0, 111.0, 27.0, 31.0, 140.0, 118.0, 155.0, 177.0, 213.0, 354.0, 154.0, 99.0, 98.0, 134.0, 154.0, 56.0, 75.0, 33.0, 55.0, 42.0, 78.0, 113.0, 66.0, 46.0, 69.0, 81.0, 42.0, 141.0, 58.0, 101.0, 210.0, 137.0, 126.0, 180.0, 78.0, 84.0, 85.0, 70.0, 89.0, 114.0, 74.0, 139.0, 148.0, 27.0, 42.0, 26.0, 117.0, 95.0, 155.0, 39.0, 180.0, 150.0, 46.0, 158.0, 112.0, 119.0, 70.0, 51.0, 131.0, 71.0, 115.0, 38.0, 60.0, 140.0, 58.0, 118.0, 98.0, 241.0, 78.0, 115.0, 142.0, 200.0, 27.0, 34.0, 66.0, 89.0, 84.0, 115.0, 82.0, 179.0, 90.0, 71.0, 73.0, 122.0, 41.0, 277.0, 50.0, 78.0, 61.0, 167.0, 188.0, 146.0, 60.0, 93.0, 117.0, 123.0, 201.0, 133.0, 102.0, 119.0, 33.0, 134.0, 145.0, 225.0, 61.0, 78.0, 117.0, 118.0, 197.0, 89.0, 142.0, 124.0, 47.0, 50.0, 131.0, 43.0, 196.0, 117.0, 85.0, 98.0, 93.0, 46.0, 150.0, 170.0, 126.0, 168.0, 126.0, 58.0, 91.0]",8.568298010910447e-05,"[10, 13, 31, 25]",108
0.673728813559322,"[87, 33, 46, 74]","[169.0, 167.0, 239.0, 198.0, 425.0, 259.0, 234.0, 465.0, 327.0, 33.0, 245.0, 455.0, 234.0, 230.0, 171.0, 217.0, 290.0, 387.0, 162.0, 366.0, 202.0, 380.0, 435.0, 369.0, 403.0, 231.0, 338.0, 335.0, 230.0, 307.0, 542.0, 229.0, 333.0, 131.0, 264.0, 330.0, 399.0, 327.0, 240.0, 404.0, 195.0, 249.0, 241.0, 298.0, 148.0, 387.0, 222.0, 266.0, 360.0, 306.0, 247.0, 382.0, 322.0, 503.0, 479.0, 339.0, 182.0, 303.0, 275.0, 154.0, 385.0, 507.0, 312.0, 374.0, 381.0, 293.0, 334.0, 417.0, 338.0, 158.0, 459.0, 282.0, 250.0, 561.0, 341.0, 341.0, 485.0, 441.0, 206.0, 326.0, 263.0, 430.0, 375.0, 429.0, 306.0, 226.0, 340.0, 209.0, 360.0, 179.0, 206.0, 291.0, 162.0, 275.0, 130.0, 156.0, 295.0, 149.0, 125.0, 222.0, 281.0, 367.0, 322.0, 408.0, 379.0, 118.0, 297.0, 122.0, 283.0, 169.0, 211.0, 338.0, 270.0, 265.0, 299.0, 349.0, 526.0, 199.0, 205.0, 245.0, 188.0, 233.0, 146.0, 83.0, 149.0, 225.0, 138.0, 116.0, 171.0, 230.0, 85.0, 189.0, 269.0, 136.0, 262.0, 230.0, 179.0, 175.0, 254.0, 254.0, 322.0, 206.0, 193.0, 222.0, 198.0, 213.0, 122.0, 218.0, 286.0, 146.0, 73.0, 161.0, 109.0, 291.0, 259.0, 365.0, 141.0, 322.0, 280.0, 84.0, 230.0, 239.0, 214.0, 161.0, 197.0, 290.0, 213.0, 236.0, 114.0, 171.0, 250.0, 227.0, 194.0, 142.0, 159.0, 236.0, 229.0, 198.0, 410.0, 83.0, 54.0, 242.0, 279.0, 242.0, 315.0, 158.0, 361.0, 241.0, 221.0, 91.0, 270.0, 219.0, 482.0, 147.0, 213.0, 153.0, 325.0, 346.0, 246.0, 110.0, 290.0, 229.0, 250.0, 391.0, 223.0, 282.0, 317.0, 187.0, 246.0, 315.0, 415.0, 167.0, 205.0, 294.0, 268.0, 398.0, 200.0, 318.0, 146.0, 155.0, 140.0, 259.0, 101.0, 330.0, 222.0, 205.0, 114.0, 221.0, 168.0, 302.0, 354.0, 254.0, 283.0, 266.0, 198.0, 207.0]",1.0127933452718602e-07,"[14, 4, 34, 27]",260
0.6694915254237288,"[85, 35, 45, 75]","[211.0, 206.0, 202.0, 226.0, 297.0, 193.0, 167.0, 303.0, 149.0, 83.0, 230.0, 315.0, 208.0, 147.0, 172.0, 104.0, 202.0, 179.0, 133.0, 247.0, 231.0, 208.0, 299.0, 237.0, 217.0, 247.0, 215.0, 263.0, 151.0, 206.0, 298.0, 204.0, 347.0, 86.0, 195.0, 174.0, 252.0, 190.0, 195.0, 302.0, 173.0, 238.0, 160.0, 161.0, 176.0, 215.0, 211.0, 168.0, 237.0, 212.0, 192.0, 330.0, 158.0, 324.0, 454.0, 245.0, 191.0, 211.0, 171.0, 117.0, 187.0, 536.0, 151.0, 268.0, 214.0, 191.0, 235.0, 286.0, 142.0, 128.0, 259.0, 221.0, 139.0, 432.0, 239.0, 211.0, 271.0, 369.0, 178.0, 215.0, 264.0, 219.0, 265.0, 384.0, 193.0, 221.0, 237.0, 215.0, 130.0, 194.0, 161.0, 250.0, 67.0, 214.0, 173.0, 116.0, 205.0, 209.0, 207.0, 185.0, 154.0, 199.0, 179.0, 126.0, 214.0, 138.0, 97.0, 142.0, 318.0, 250.0, 343.0, 216.0, 151.0, 219.0, 135.0, 254.0, 327.0, 191.0, 178.0, 156.0, 64.0, 143.0, 221.0, 111.0, 222.0, 136.0, 180.0, 178.0, 167.0, 174.0, 131.0, 174.0, 114.0, 204.0, 190.0, 119.0, 178.0, 55.0, 218.0, 242.0, 223.0, 178.0, 121.0, 189.0, 146.0, 214.0, 102.0, 139.0, 120.0, 105.0, 195.0, 66.0, 122.0, 199.0, 90.0, 236.0, 178.0, 226.0, 270.0, 109.0, 119.0, 136.0, 189.0, 79.0, 79.0, 137.0, 185.0, 164.0, 173.0, 150.0, 200.0, 142.0, 246.0, 184.0, 178.0, 131.0, 188.0, 137.0, 225.0, 102.0, 51.0, 145.0, 191.0, 171.0, 183.0, 210.0, 351.0, 86.0, 211.0, 154.0, 136.0, 109.0, 284.0, 154.0, 75.0, 51.0, 239.0, 283.0, 271.0, 157.0, 106.0, 123.0, 104.0, 250.0, 174.0, 175.0, 101.0, 55.0, 195.0, 216.0, 277.0, 126.0, 98.0, 182.0, 209.0, 259.0, 58.0, 200.0, 155.0, 172.0, 127.0, 174.0, 74.0, 136.0, 175.0, 135.0, 113.0, 141.0, 121.0, 227.0, 235.0, 196.0, 234.0, 193.0, 70.0, 140.0]",2.195166195498499e-07,"[22, 2, 19, 25, 25]",192
0.6398305084745762,"[85, 35, 52, 68]","[78.0, 135.0, 140.0, 93.0, 215.0, 186.0, 95.0, 253.0, 231.0, 41.0, 124.0, 190.0, 131.0, 116.0, 44.0, 99.0, 139.0, 171.0, 102.0, 251.0, 162.0, 150.0, 242.0, 149.0, 135.0, 117.0, 126.0, 110.0, 130.0, 204.0, 333.0, 145.0, 177.0, 61.0, 81.0, 157.0, 189.0, 146.0, 117.0, 221.0, 116.0, 173.0, 145.0, 154.0, 106.0, 134.0, 77.0, 126.0, 189.0, 106.0, 90.0, 190.0, 147.0, 293.0, 175.0, 181.0, 112.0, 126.0, 122.0, 78.0, 133.0, 350.0, 186.0, 203.0, 117.0, 65.0, 127.0, 229.0, 150.0, 96.0, 198.0, 230.0, 177.0, 344.0, 121.0, 188.0, 246.0, 251.0, 89.0, 114.0, 189.0, 237.0, 231.0, 283.0, 119.0, 131.0, 153.0, 100.0, 206.0, 70.0, 159.0, 187.0, 23.0, 150.0, 70.0, 93.0, 147.0, 118.0, 123.0, 198.0, 227.0, 219.0, 179.0, 211.0, 108.0, 52.0, 129.0, 65.0, 189.0, 202.0, 135.0, 216.0, 102.0, 189.0, 117.0, 169.0, 267.0, 143.0, 102.0, 122.0, 33.0, 113.0, 142.0, 92.0, 95.0, 147.0, 94.0, 39.0, 72.0, 119.0, 79.0, 103.0, 104.0, 94.0, 148.0, 86.0, 155.0, 19.0, 175.0, 182.0, 190.0, 130.0, 82.0, 95.0, 102.0, 121.0, 54.0, 74.0, 121.0, 36.0, 127.0, 64.0, 108.0, 170.0, 150.0, 227.0, 98.0, 173.0, 138.0, 18.0, 102.0, 71.0, 113.0, 105.0, 146.0, 133.0, 89.0, 81.0, 85.0, 99.0, 131.0, 61.0, 105.0, 61.0, 36.0, 71.0, 102.0, 58.0, 175.0, 45.0, 43.0, 115.0, 165.0, 100.0, 126.0, 151.0, 207.0, 163.0, 127.0, 54.0, 66.0, 123.0, 273.0, 137.0, 90.0, 63.0, 194.0, 158.0, 90.0, 139.0, 105.0, 25.0, 119.0, 239.0, 65.0, 108.0, 144.0, 46.0, 139.0, 169.0, 237.0, 83.0, 69.0, 141.0, 154.0, 197.0, 58.0, 178.0, 51.0, 87.0, 61.0, 110.0, 54.0, 121.0, 34.0, 102.0, 36.0, 74.0, 79.0, 125.0, 172.0, 142.0, 103.0, 90.0, 54.0, 61.0]",1.679790385887368e-05,"[20, 22, 5, 29]",134
0.6059322033898306,"[60, 60, 35, 85]","[73.0, 31.0, 31.0, 59.0, 125.0, 58.0, 31.0, 132.0, 96.0, 6.0, 50.0, 122.0, 48.0, 34.0, 70.0, 51.0, 86.0, 114.0, 38.0, 90.0, 6.0, 84.0, 75.0, 113.0, 69.0, 67.0, 122.0, 83.0, 24.0, 45.0, 203.0, 49.0, 101.0, 10.0, 32.0, 62.0, 87.0, 53.0, 24.0, 84.0, 34.0, 20.0, 53.0, 78.0, 32.0, 99.0, 26.0, 66.0, 138.0, 33.0, 73.0, 114.0, 39.0, 247.0, 188.0, 75.0, 25.0, 51.0, 75.0, 38.0, 78.0, 246.0, 54.0, 78.0, 69.0, 29.0, 74.0, 98.0, 67.0, 30.0, 129.0, 70.0, 30.0, 213.0, 90.0, 78.0, 197.0, 145.0, 33.0, 57.0, 79.0, 90.0, 115.0, 169.0, 70.0, 42.0, 60.0, 54.0, 53.0, 44.0, 74.0, 39.0, 26.0, 63.0, 50.0, 71.0, 77.0, 29.0, 57.0, 12.0, 21.0, 75.0, 55.0, 118.0, 107.0, 29.0, 41.0, 30.0, 93.0, 9.0, 31.0, 54.0, 36.0, 107.0, 87.0, 115.0, 234.0, 74.0, 42.0, 32.0, 52.0, 70.0, 16.0, 17.0, 17.0, 21.0, 33.0, 26.0, 66.0, 14.0, 13.0, 37.0, 29.0, 27.0, 47.0, 19.0, 63.0, 138.0, 59.0, 76.0, 78.0, 30.0, 49.0, 27.0, 23.0, 41.0, 52.0, 42.0, 62.0, 62.0, 30.0, 20.0, 18.0, 45.0, 23.0, 69.0, 37.0, 78.0, 72.0, 12.0, 70.0, 44.0, 60.0, 30.0, 14.0, 45.0, 27.0, 61.0, 38.0, 18.0, 70.0, 28.0, 54.0, 42.0, 177.0, 20.0, 35.0, 54.0, 102.0, 9.0, 13.0, 14.0, 35.0, 22.0, 39.0, 39.0, 109.0, 34.0, 21.0, 21.0, 61.0, 9.0, 182.0, 4.0, 21.0, 17.0, 81.0, 98.0, 86.0, 66.0, 25.0, 53.0, 43.0, 90.0, 71.0, 34.0, 35.0, 3.0, 63.0, 58.0, 126.0, 21.0, 58.0, 39.0, 66.0, 85.0, 38.0, 66.0, 53.0, 27.0, 40.0, 47.0, 21.0, 90.0, 42.0, 45.0, 30.0, 49.0, 12.0, 58.0, 74.0, 53.0, 86.0, 45.0, 10.0, 21.0]",0.0009672178231799572,"[12, 16, 28, 23]",41
0.6228813559322034,"[83, 37, 54, 66]","[95.0, 172.0, 147.0, 96.0, 233.0, 168.0, 119.0, 270.0, 187.0, 123.0, 154.0, 215.0, 118.0, 129.0, 148.0, 102.0, 200.0, 243.0, 102.0, 205.0, 137.0, 137.0, 218.0, 149.0, 127.0, 109.0, 117.0, 234.0, 115.0, 200.0, 348.0, 190.0, 162.0, 58.0, 58.0, 120.0, 222.0, 132.0, 150.0, 227.0, 111.0, 203.0, 146.0, 121.0, 118.0, 123.0, 103.0, 239.0, 223.0, 161.0, 113.0, 170.0, 178.0, 363.0, 204.0, 185.0, 206.0, 145.0, 132.0, 75.0, 112.0, 350.0, 163.0, 188.0, 178.0, 63.0, 110.0, 255.0, 150.0, 72.0, 232.0, 181.0, 157.0, 406.0, 103.0, 179.0, 261.0, 325.0, 92.0, 105.0, 293.0, 242.0, 223.0, 289.0, 111.0, 123.0, 97.0, 111.0, 191.0, 155.0, 120.0, 163.0, 50.0, 220.0, 56.0, 138.0, 139.0, 114.0, 109.0, 166.0, 252.0, 157.0, 165.0, 202.0, 114.0, 86.0, 151.0, 106.0, 236.0, 214.0, 216.0, 217.0, 111.0, 235.0, 137.0, 180.0, 275.0, 228.0, 93.0, 121.0, 34.0, 109.0, 162.0, 81.0, 154.0, 133.0, 147.0, 61.0, 89.0, 165.0, 66.0, 123.0, 126.0, 113.0, 199.0, 52.0, 146.0, 69.0, 165.0, 162.0, 161.0, 136.0, 114.0, 86.0, 88.0, 61.0, 74.0, 125.0, 129.0, 79.0, 154.0, 70.0, 79.0, 157.0, 145.0, 253.0, 115.0, 122.0, 122.0, 111.0, 91.0, 49.0, 107.0, 171.0, 120.0, 135.0, 150.0, 99.0, 133.0, 81.0, 150.0, 60.0, 133.0, 72.0, 166.0, 69.0, 94.0, 158.0, 199.0, 66.0, 47.0, 102.0, 150.0, 94.0, 87.0, 178.0, 222.0, 172.0, 137.0, 114.0, 80.0, 170.0, 274.0, 98.0, 82.0, 38.0, 201.0, 161.0, 133.0, 81.0, 123.0, 46.0, 125.0, 216.0, 64.0, 111.0, 169.0, 82.0, 155.0, 144.0, 171.0, 108.0, 120.0, 150.0, 181.0, 190.0, 129.0, 169.0, 34.0, 157.0, 75.0, 139.0, 86.0, 118.0, 56.0, 121.0, 58.0, 53.0, 79.0, 146.0, 179.0, 153.0, 187.0, 94.0, 34.0, 84.0]",0.00015555595190996623,"[22, 6, 29, 18, 22]",148
0.6483050847457628,"[83, 37, 48, 72]","[63.0, 114.0, 121.0, 86.0, 204.0, 169.0, 84.0, 234.0, 228.0, 44.0, 103.0, 175.0, 118.0, 99.0, 33.0, 98.0, 124.0, 162.0, 89.0, 222.0, 145.0, 133.0, 213.0, 132.0, 118.0, 98.0, 107.0, 101.0, 115.0, 177.0, 324.0, 126.0, 160.0, 58.0, 66.0, 136.0, 170.0, 131.0, 104.0, 198.0, 103.0, 154.0, 126.0, 141.0, 91.0, 115.0, 62.0, 107.0, 176.0, 91.0, 81.0, 165.0, 130.0, 282.0, 154.0, 158.0, 97.0, 109.0, 107.0, 65.0, 118.0, 315.0, 169.0, 180.0, 104.0, 54.0, 110.0, 210.0, 135.0, 81.0, 183.0, 215.0, 162.0, 325.0, 106.0, 169.0, 237.0, 236.0, 76.0, 101.0, 164.0, 217.0, 212.0, 270.0, 102.0, 114.0, 136.0, 87.0, 181.0, 55.0, 150.0, 164.0, 18.0, 135.0, 59.0, 86.0, 130.0, 105.0, 105.0, 173.0, 210.0, 206.0, 164.0, 210.0, 95.0, 45.0, 126.0, 52.0, 166.0, 177.0, 124.0, 193.0, 87.0, 174.0, 102.0, 146.0, 258.0, 130.0, 87.0, 111.0, 34.0, 102.0, 123.0, 81.0, 78.0, 132.0, 77.0, 30.0, 61.0, 102.0, 70.0, 86.0, 105.0, 77.0, 125.0, 79.0, 138.0, 18.0, 150.0, 157.0, 169.0, 115.0, 73.0, 78.0, 87.0, 108.0, 49.0, 67.0, 104.0, 29.0, 108.0, 57.0, 91.0, 153.0, 131.0, 210.0, 83.0, 158.0, 121.0, 15.0, 83.0, 58.0, 94.0, 102.0, 129.0, 126.0, 72.0, 74.0, 68.0, 86.0, 114.0, 48.0, 88.0, 52.0, 29.0, 62.0, 87.0, 53.0, 158.0, 36.0, 38.0, 101.0, 145.0, 85.0, 111.0, 130.0, 190.0, 142.0, 108.0, 43.0, 53.0, 102.0, 264.0, 123.0, 81.0, 58.0, 177.0, 143.0, 85.0, 126.0, 90.0, 18.0, 100.0, 210.0, 54.0, 95.0, 129.0, 45.0, 118.0, 152.0, 216.0, 70.0, 66.0, 122.0, 135.0, 186.0, 57.0, 161.0, 42.0, 70.0, 50.0, 105.0, 47.0, 105.0, 31.0, 85.0, 27.0, 61.0, 66.0, 106.0, 151.0, 123.0, 90.0, 73.0, 49.0, 48.0]",5.690211236712596e-06,"[20, 22, 6, 29]",114
0.6101694915254238,"[64, 56, 38, 82]","[78.0, 67.0, 79.0, 163.0, 220.0, 91.0, 91.0, 247.0, 242.0, 57.0, 110.0, 213.0, 86.0, 87.0, 131.0, 94.0, 203.0, 230.0, 70.0, 150.0, 78.0, 203.0, 159.0, 192.0, 159.0, 78.0, 150.0, 211.0, 54.0, 75.0, 382.0, 112.0, 133.0, 34.0, 79.0, 139.0, 184.0, 130.0, 159.0, 130.0, 48.0, 94.0, 75.0, 154.0, 35.0, 176.0, 62.0, 200.0, 263.0, 122.0, 147.0, 190.0, 149.0, 400.0, 287.0, 152.0, 91.0, 138.0, 133.0, 52.0, 197.0, 307.0, 170.0, 151.0, 150.0, 95.0, 106.0, 229.0, 181.0, 67.0, 260.0, 169.0, 106.0, 403.0, 162.0, 154.0, 358.0, 315.0, 37.0, 128.0, 104.0, 183.0, 236.0, 324.0, 126.0, 84.0, 167.0, 92.0, 168.0, 63.0, 107.0, 86.0, 109.0, 237.0, 123.0, 111.0, 115.0, 37.0, 106.0, 37.0, 91.0, 166.0, 133.0, 244.0, 227.0, 81.0, 118.0, 42.0, 202.0, 62.0, 84.0, 142.0, 118.0, 214.0, 158.0, 161.0, 366.0, 287.0, 91.0, 82.0, 110.0, 96.0, 34.0, 78.0, 37.0, 66.0, 56.0, 56.0, 82.0, 93.0, 43.0, 78.0, 61.0, 28.0, 128.0, 67.0, 73.0, 204.0, 110.0, 110.0, 162.0, 67.0, 75.0, 74.0, 42.0, 100.0, 91.0, 164.0, 115.0, 102.0, 21.0, 61.0, 19.0, 113.0, 58.0, 158.0, 36.0, 175.0, 115.0, 39.0, 127.0, 73.0, 52.0, 150.0, 39.0, 111.0, 64.0, 130.0, 11.0, 51.0, 119.0, 94.0, 78.0, 52.0, 177.0, 83.0, 130.0, 117.0, 215.0, 39.0, 30.0, 66.0, 70.0, 95.0, 90.0, 42.0, 208.0, 103.0, 65.0, 37.0, 154.0, 59.0, 321.0, 107.0, 77.0, 70.0, 162.0, 228.0, 219.0, 82.0, 111.0, 75.0, 101.0, 160.0, 99.0, 126.0, 130.0, 70.0, 116.0, 111.0, 206.0, 55.0, 157.0, 119.0, 146.0, 184.0, 72.0, 175.0, 67.0, 67.0, 20.0, 175.0, 65.0, 183.0, 106.0, 66.0, 71.0, 119.0, 51.0, 132.0, 145.0, 91.0, 114.0, 101.0, 92.0, 98.0]",0.0006862946055622531,"[14, 13, 32, 24, 21]",95
0.6271186440677966,"[84, 36, 54, 66]","[91.0, 123.0, 138.0, 87.0, 169.0, 88.0, 118.0, 201.0, 178.0, 70.0, 154.0, 177.0, 82.0, 104.0, 123.0, 91.0, 166.0, 190.0, 98.0, 189.0, 136.0, 133.0, 211.0, 145.0, 123.0, 105.0, 116.0, 133.0, 90.0, 175.0, 303.0, 181.0, 126.0, 42.0, 54.0, 120.0, 212.0, 132.0, 150.0, 218.0, 100.0, 154.0, 110.0, 105.0, 93.0, 114.0, 99.0, 183.0, 182.0, 121.0, 88.0, 162.0, 177.0, 242.0, 83.0, 181.0, 181.0, 130.0, 123.0, 66.0, 108.0, 286.0, 114.0, 102.0, 162.0, 59.0, 110.0, 231.0, 133.0, 47.0, 207.0, 117.0, 127.0, 315.0, 87.0, 143.0, 225.0, 261.0, 56.0, 89.0, 209.0, 219.0, 210.0, 225.0, 110.0, 98.0, 81.0, 86.0, 158.0, 155.0, 56.0, 138.0, 49.0, 209.0, 39.0, 113.0, 123.0, 50.0, 109.0, 162.0, 148.0, 137.0, 140.0, 186.0, 105.0, 76.0, 87.0, 44.0, 227.0, 173.0, 89.0, 178.0, 101.0, 182.0, 121.0, 180.0, 239.0, 84.0, 84.0, 112.0, 33.0, 93.0, 127.0, 65.0, 118.0, 105.0, 55.0, 45.0, 73.0, 130.0, 65.0, 102.0, 90.0, 86.0, 180.0, 51.0, 130.0, 68.0, 147.0, 161.0, 146.0, 102.0, 102.0, 82.0, 87.0, 57.0, 49.0, 76.0, 105.0, 75.0, 68.0, 54.0, 70.0, 140.0, 129.0, 187.0, 50.0, 117.0, 106.0, 102.0, 87.0, 45.0, 107.0, 135.0, 119.0, 119.0, 116.0, 83.0, 129.0, 68.0, 141.0, 56.0, 129.0, 56.0, 162.0, 57.0, 90.0, 149.0, 150.0, 50.0, 38.0, 102.0, 150.0, 78.0, 86.0, 129.0, 120.0, 138.0, 82.0, 98.0, 76.0, 70.0, 222.0, 62.0, 46.0, 34.0, 173.0, 112.0, 132.0, 81.0, 119.0, 42.0, 108.0, 212.0, 60.0, 110.0, 153.0, 57.0, 146.0, 95.0, 162.0, 96.0, 56.0, 139.0, 126.0, 165.0, 97.0, 153.0, 25.0, 97.0, 66.0, 108.0, 63.0, 114.0, 55.0, 83.0, 57.0, 53.0, 78.0, 146.0, 177.0, 149.0, 186.0, 85.0, 29.0, 73.0]",8.954489694158804e-05,"[6, 29, 18, 22]",122
0.635593220338983,"[59, 61, 27, 93]","[149.0, 86.0, 110.0, 154.0, 225.0, 140.0, 108.0, 242.0, 213.0, 58.0, 115.0, 234.0, 126.0, 98.0, 206.0, 139.0, 222.0, 227.0, 55.0, 179.0, 67.0, 228.0, 182.0, 223.0, 170.0, 145.0, 223.0, 206.0, 87.0, 130.0, 355.0, 117.0, 192.0, 37.0, 102.0, 139.0, 205.0, 141.0, 134.0, 183.0, 91.0, 131.0, 114.0, 171.0, 66.0, 197.0, 95.0, 175.0, 270.0, 143.0, 163.0, 231.0, 198.0, 389.0, 354.0, 178.0, 115.0, 157.0, 172.0, 103.0, 202.0, 382.0, 171.0, 184.0, 173.0, 104.0, 161.0, 234.0, 197.0, 94.0, 255.0, 148.0, 87.0, 386.0, 199.0, 177.0, 364.0, 298.0, 54.0, 157.0, 131.0, 202.0, 221.0, 325.0, 163.0, 127.0, 202.0, 119.0, 158.0, 102.0, 118.0, 131.0, 114.0, 227.0, 123.0, 130.0, 142.0, 52.0, 131.0, 70.0, 102.0, 159.0, 148.0, 222.0, 245.0, 102.0, 142.0, 31.0, 193.0, 91.0, 95.0, 149.0, 131.0, 204.0, 189.0, 225.0, 379.0, 254.0, 108.0, 107.0, 156.0, 158.0, 67.0, 96.0, 69.0, 59.0, 51.0, 91.0, 117.0, 102.0, 62.0, 85.0, 82.0, 76.0, 145.0, 82.0, 110.0, 246.0, 171.0, 167.0, 205.0, 82.0, 88.0, 89.0, 79.0, 153.0, 130.0, 146.0, 158.0, 148.0, 36.0, 78.0, 46.0, 118.0, 109.0, 155.0, 39.0, 184.0, 154.0, 46.0, 179.0, 112.0, 123.0, 159.0, 58.0, 151.0, 75.0, 183.0, 38.0, 76.0, 156.0, 107.0, 127.0, 98.0, 266.0, 86.0, 140.0, 142.0, 226.0, 67.0, 38.0, 75.0, 93.0, 108.0, 119.0, 83.0, 215.0, 106.0, 96.0, 74.0, 135.0, 42.0, 286.0, 66.0, 87.0, 77.0, 171.0, 237.0, 254.0, 105.0, 129.0, 117.0, 124.0, 203.0, 142.0, 151.0, 123.0, 55.0, 150.0, 146.0, 264.0, 62.0, 114.0, 118.0, 154.0, 201.0, 95.0, 170.0, 124.0, 72.0, 67.0, 184.0, 79.0, 196.0, 126.0, 97.0, 98.0, 156.0, 70.0, 166.0, 174.0, 130.0, 169.0, 135.0, 94.0, 113.0]",1.649567524252743e-05,"[10, 13, 31, 25, 20]",113
0.6483050847457628,"[89, 31, 54, 66]","[101.0, 165.0, 121.0, 78.0, 205.0, 149.0, 108.0, 213.0, 171.0, 57.0, 145.0, 163.0, 108.0, 93.0, 106.0, 98.0, 114.0, 169.0, 104.0, 189.0, 123.0, 130.0, 218.0, 133.0, 120.0, 123.0, 114.0, 146.0, 102.0, 185.0, 306.0, 183.0, 113.0, 50.0, 51.0, 122.0, 179.0, 117.0, 93.0, 220.0, 93.0, 170.0, 126.0, 130.0, 102.0, 118.0, 85.0, 154.0, 182.0, 134.0, 91.0, 155.0, 179.0, 267.0, 171.0, 186.0, 166.0, 105.0, 135.0, 98.0, 105.0, 329.0, 161.0, 175.0, 150.0, 49.0, 95.0, 196.0, 142.0, 94.0, 183.0, 137.0, 125.0, 318.0, 105.0, 170.0, 225.0, 237.0, 62.0, 109.0, 285.0, 204.0, 191.0, 201.0, 114.0, 138.0, 101.0, 117.0, 201.0, 159.0, 142.0, 183.0, 42.0, 130.0, 51.0, 164.0, 140.0, 140.0, 109.0, 147.0, 187.0, 153.0, 178.0, 184.0, 106.0, 38.0, 133.0, 77.0, 213.0, 199.0, 119.0, 187.0, 111.0, 189.0, 111.0, 177.0, 230.0, 134.0, 70.0, 97.0, 36.0, 93.0, 100.0, 63.0, 106.0, 111.0, 136.0, 17.0, 95.0, 89.0, 50.0, 98.0, 82.0, 147.0, 186.0, 30.0, 140.0, 59.0, 137.0, 130.0, 145.0, 146.0, 93.0, 74.0, 78.0, 46.0, 98.0, 143.0, 129.0, 98.0, 119.0, 63.0, 68.0, 153.0, 130.0, 210.0, 66.0, 115.0, 120.0, 102.0, 70.0, 57.0, 78.0, 161.0, 119.0, 130.0, 123.0, 84.0, 113.0, 55.0, 130.0, 38.0, 130.0, 62.0, 179.0, 51.0, 59.0, 70.0, 177.0, 89.0, 18.0, 97.0, 157.0, 90.0, 87.0, 136.0, 134.0, 171.0, 114.0, 123.0, 78.0, 120.0, 242.0, 102.0, 81.0, 26.0, 155.0, 126.0, 67.0, 69.0, 90.0, 18.0, 90.0, 209.0, 57.0, 89.0, 151.0, 55.0, 134.0, 162.0, 163.0, 99.0, 98.0, 134.0, 127.0, 156.0, 88.0, 165.0, 50.0, 83.0, 75.0, 111.0, 54.0, 114.0, 42.0, 90.0, 66.0, 49.0, 45.0, 110.0, 173.0, 142.0, 167.0, 82.0, 21.0, 54.0]",4.147805159552135e-06,"[24, 6, 28, 17]",132
0.652542372881356,"[89, 31, 53, 67]","[84.0, 71.0, 154.0, 179.0, 180.0, 118.0, 122.0, 227.0, 200.0, 64.0, 178.0, 207.0, 71.0, 131.0, 95.0, 90.0, 179.0, 226.0, 77.0, 286.0, 154.0, 178.0, 254.0, 170.0, 174.0, 108.0, 162.0, 167.0, 94.0, 191.0, 327.0, 148.0, 173.0, 23.0, 119.0, 163.0, 211.0, 148.0, 187.0, 278.0, 106.0, 142.0, 143.0, 102.0, 67.0, 174.0, 96.0, 190.0, 190.0, 150.0, 87.0, 237.0, 159.0, 356.0, 355.0, 179.0, 125.0, 136.0, 117.0, 58.0, 154.0, 483.0, 160.0, 175.0, 185.0, 128.0, 154.0, 219.0, 151.0, 35.0, 247.0, 226.0, 134.0, 359.0, 132.0, 142.0, 246.0, 294.0, 141.0, 118.0, 214.0, 213.0, 215.0, 288.0, 130.0, 82.0, 150.0, 82.0, 138.0, 123.0, 47.0, 134.0, 95.0, 242.0, 70.0, 63.0, 122.0, 57.0, 102.0, 151.0, 167.0, 162.0, 122.0, 187.0, 161.0, 107.0, 128.0, 58.0, 229.0, 134.0, 187.0, 176.0, 110.0, 188.0, 148.0, 191.0, 286.0, 147.0, 61.0, 104.0, 58.0, 96.0, 102.0, 78.0, 96.0, 98.0, 74.0, 66.0, 68.0, 116.0, 66.0, 94.0, 191.0, 94.0, 196.0, 111.0, 83.0, 86.0, 137.0, 189.0, 162.0, 95.0, 102.0, 94.0, 147.0, 144.0, 19.0, 66.0, 148.0, 56.0, 111.0, 67.0, 55.0, 123.0, 144.0, 174.0, 86.0, 158.0, 123.0, 79.0, 150.0, 82.0, 146.0, 72.0, 109.0, 124.0, 135.0, 102.0, 99.0, 69.0, 145.0, 85.0, 130.0, 99.0, 159.0, 97.0, 99.0, 162.0, 206.0, 43.0, 64.0, 142.0, 159.0, 98.0, 120.0, 152.0, 234.0, 123.0, 113.0, 67.0, 154.0, 131.0, 245.0, 69.0, 61.0, 54.0, 154.0, 170.0, 214.0, 107.0, 139.0, 106.0, 95.0, 211.0, 95.0, 142.0, 180.0, 95.0, 139.0, 135.0, 238.0, 81.0, 107.0, 154.0, 167.0, 195.0, 104.0, 150.0, 28.0, 57.0, 78.0, 125.0, 99.0, 127.0, 76.0, 100.0, 93.0, 120.0, 142.0, 175.0, 185.0, 162.0, 224.0, 107.0, 37.0, 92.0]",2.2706516712629972e-06,"[15, 6, 28, 22, 23]",147
0.6313559322033898,"[37, 83, 68, 52]","[120.0, 130.0, 121.0, 94.0, 207.0, 109.0, 102.0, 222.0, 242.0, 130.0, 133.0, 136.0, 98.0, 86.0, 51.0, 106.0, 154.0, 175.0, 100.0, 273.0, 110.0, 147.0, 197.0, 134.0, 115.0, 225.0, 183.0, 120.0, 87.0, 147.0, 323.0, 79.0, 50.0, 30.0, 34.0, 141.0, 194.0, 101.0, 87.0, 253.0, 90.0, 145.0, 104.0, 168.0, 115.0, 89.0, 117.0, 166.0, 206.0, 109.0, 79.0, 158.0, 166.0, 303.0, 214.0, 167.0, 112.0, 99.0, 127.0, 82.0, 104.0, 393.0, 119.0, 178.0, 135.0, 144.0, 91.0, 194.0, 121.0, 97.0, 190.0, 164.0, 152.0, 352.0, 103.0, 188.0, 267.0, 214.0, 131.0, 133.0, 210.0, 210.0, 191.0, 286.0, 108.0, 166.0, 71.0, 133.0, 155.0, 114.0, 166.0, 155.0, 61.0, 116.0, 94.0, 220.0, 150.0, 147.0, 46.0, 211.0, 158.0, 168.0, 166.0, 255.0, 118.0, 63.0, 155.0, 39.0, 155.0, 228.0, 179.0, 186.0, 70.0, 189.0, 127.0, 140.0, 296.0, 155.0, 77.0, 131.0, 85.0, 114.0, 187.0, 106.0, 98.0, 103.0, 88.0, 83.0, 71.0, 90.0, 57.0, 86.0, 72.0, 126.0, 149.0, 24.0, 192.0, 65.0, 176.0, 180.0, 155.0, 126.0, 80.0, 114.0, 89.0, 141.0, 97.0, 103.0, 114.0, 99.0, 118.0, 81.0, 86.0, 163.0, 151.0, 211.0, 112.0, 101.0, 136.0, 113.0, 98.0, 75.0, 126.0, 148.0, 103.0, 139.0, 117.0, 122.0, 87.0, 32.0, 110.0, 54.0, 122.0, 79.0, 79.0, 95.0, 93.0, 117.0, 151.0, 117.0, 55.0, 59.0, 162.0, 86.0, 85.0, 99.0, 206.0, 148.0, 94.0, 188.0, 82.0, 92.0, 262.0, 170.0, 90.0, 84.0, 168.0, 107.0, 135.0, 91.0, 116.0, 76.0, 132.0, 219.0, 112.0, 97.0, 87.0, 120.0, 103.0, 90.0, 267.0, 125.0, 10.0, 136.0, 111.0, 186.0, 104.0, 134.0, 95.0, 64.0, 56.0, 150.0, 16.0, 68.0, 51.0, 46.0, 90.0, 118.0, 47.0, 182.0, 110.0, 136.0, 161.0, 121.0, 71.0, 90.0]",5.490066145980624e-05,"[16, 17, 27, 8, 27]",112
0.5889830508474576,"[104, 16, 83, 37]","[194.0, 267.0, 311.0, 327.0, 468.0, 280.0, 230.0, 455.0, 310.0, 128.0, 269.0, 482.0, 266.0, 238.0, 158.0, 197.0, 307.0, 372.0, 223.0, 306.0, 320.0, 275.0, 400.0, 328.0, 342.0, 250.0, 238.0, 440.0, 192.0, 259.0, 531.0, 215.0, 485.0, 117.0, 229.0, 287.0, 403.0, 281.0, 311.0, 299.0, 218.0, 307.0, 257.0, 262.0, 183.0, 338.0, 306.0, 327.0, 394.0, 384.0, 273.0, 299.0, 229.0, 513.0, 267.0, 293.0, 243.0, 326.0, 261.0, 196.0, 333.0, 471.0, 286.0, 355.0, 365.0, 268.0, 349.0, 449.0, 245.0, 207.0, 416.0, 246.0, 292.0, 659.0, 310.0, 336.0, 462.0, 587.0, 263.0, 289.0, 326.0, 385.0, 434.0, 592.0, 244.0, 276.0, 262.0, 280.0, 297.0, 175.0, 279.0, 371.0, 117.0, 442.0, 240.0, 179.0, 298.0, 317.0, 310.0, 290.0, 235.0, 302.0, 302.0, 287.0, 355.0, 126.0, 258.0, 158.0, 267.0, 372.0, 439.0, 341.0, 180.0, 322.0, 266.0, 285.0, 524.0, 384.0, 160.0, 258.0, 51.0, 238.0, 342.0, 154.0, 280.0, 270.0, 214.0, 230.0, 218.0, 300.0, 136.0, 183.0, 119.0, 210.0, 274.0, 114.0, 213.0, 40.0, 266.0, 290.0, 338.0, 263.0, 244.0, 169.0, 215.0, 219.0, 141.0, 256.0, 219.0, 118.0, 358.0, 176.0, 174.0, 302.0, 237.0, 435.0, 276.0, 321.0, 335.0, 196.0, 156.0, 230.0, 242.0, 162.0, 252.0, 262.0, 191.0, 280.0, 194.0, 175.0, 319.0, 239.0, 274.0, 246.0, 93.0, 180.0, 286.0, 294.0, 368.0, 199.0, 109.0, 203.0, 262.0, 264.0, 236.0, 342.0, 513.0, 217.0, 268.0, 209.0, 143.0, 183.0, 483.0, 271.0, 124.0, 105.0, 370.0, 421.0, 122.0, 167.0, 186.0, 214.0, 187.0, 357.0, 221.0, 220.0, 174.0, 42.0, 253.0, 275.0, 240.0, 103.0, 112.0, 167.0, 326.0, 411.0, 111.0, 330.0, 158.0, 232.0, 161.0, 337.0, 91.0, 233.0, 226.0, 203.0, 207.0, 182.0, 172.0, 243.0, 284.0, 294.0, 163.0, 293.0, 137.0, 254.0]",0.0010835607513774112,"[26, 1, 26, 26, 25]",328
0.6271186440677966,"[57, 63, 27, 93]","[158.0, 161.0, 126.0, 179.0, 318.0, 149.0, 130.0, 267.0, 238.0, 62.0, 151.0, 283.0, 135.0, 114.0, 210.0, 145.0, 231.0, 247.0, 91.0, 188.0, 131.0, 237.0, 242.0, 241.0, 170.0, 154.0, 239.0, 231.0, 96.0, 146.0, 371.0, 118.0, 313.0, 73.0, 132.0, 183.0, 214.0, 150.0, 215.0, 219.0, 96.0, 168.0, 150.0, 200.0, 116.0, 198.0, 96.0, 184.0, 278.0, 143.0, 187.0, 231.0, 227.0, 480.0, 379.0, 178.0, 131.0, 191.0, 172.0, 119.0, 203.0, 391.0, 172.0, 193.0, 190.0, 140.0, 177.0, 243.0, 197.0, 119.0, 255.0, 173.0, 96.0, 460.0, 229.0, 193.0, 380.0, 356.0, 79.0, 167.0, 156.0, 202.0, 254.0, 388.0, 164.0, 129.0, 203.0, 120.0, 174.0, 127.0, 167.0, 140.0, 115.0, 231.0, 132.0, 146.0, 146.0, 56.0, 143.0, 95.0, 127.0, 184.0, 148.0, 226.0, 254.0, 106.0, 158.0, 112.0, 302.0, 134.0, 239.0, 165.0, 133.0, 247.0, 189.0, 238.0, 459.0, 263.0, 163.0, 123.0, 160.0, 167.0, 83.0, 108.0, 108.0, 68.0, 55.0, 95.0, 121.0, 144.0, 98.0, 101.0, 83.0, 87.0, 154.0, 125.0, 191.0, 255.0, 175.0, 167.0, 221.0, 127.0, 92.0, 113.0, 83.0, 178.0, 134.0, 195.0, 170.0, 153.0, 40.0, 82.0, 106.0, 154.0, 109.0, 180.0, 64.0, 204.0, 170.0, 82.0, 184.0, 116.0, 132.0, 176.0, 83.0, 151.0, 79.0, 187.0, 102.0, 100.0, 172.0, 127.0, 143.0, 102.0, 282.0, 102.0, 144.0, 202.0, 235.0, 86.0, 39.0, 111.0, 94.0, 133.0, 144.0, 87.0, 251.0, 110.0, 112.0, 152.0, 156.0, 46.0, 335.0, 67.0, 88.0, 93.0, 196.0, 300.0, 318.0, 148.0, 130.0, 117.0, 125.0, 203.0, 146.0, 180.0, 141.0, 64.0, 160.0, 161.0, 289.0, 87.0, 150.0, 154.0, 155.0, 205.0, 104.0, 178.0, 133.0, 81.0, 68.0, 193.0, 107.0, 196.0, 144.0, 126.0, 102.0, 166.0, 104.0, 183.0, 190.0, 134.0, 178.0, 139.0, 98.0, 118.0]",4.907487764360336e-05,"[20, 10, 13, 31, 25, 20]",131
0.673728813559322,"[72, 48, 31, 89]","[110.0, 177.0, 135.0, 175.0, 227.0, 146.0, 69.0, 267.0, 208.0, 151.0, 135.0, 224.0, 150.0, 123.0, 106.0, 99.0, 92.0, 191.0, 95.0, 290.0, 151.0, 122.0, 208.0, 142.0, 143.0, 180.0, 139.0, 202.0, 112.0, 246.0, 306.0, 143.0, 274.0, 99.0, 127.0, 175.0, 178.0, 148.0, 175.0, 310.0, 120.0, 170.0, 134.0, 157.0, 132.0, 146.0, 180.0, 152.0, 145.0, 165.0, 57.0, 198.0, 139.0, 432.0, 271.0, 183.0, 128.0, 171.0, 106.0, 62.0, 184.0, 470.0, 139.0, 157.0, 161.0, 140.0, 156.0, 211.0, 125.0, 162.0, 216.0, 266.0, 143.0, 412.0, 170.0, 120.0, 302.0, 260.0, 123.0, 118.0, 281.0, 203.0, 279.0, 318.0, 98.0, 122.0, 136.0, 75.0, 158.0, 88.0, 134.0, 182.0, 79.0, 168.0, 59.0, 158.0, 109.0, 127.0, 114.0, 170.0, 260.0, 183.0, 129.0, 243.0, 196.0, 111.0, 142.0, 83.0, 299.0, 178.0, 135.0, 207.0, 152.0, 254.0, 116.0, 160.0, 294.0, 106.0, 68.0, 85.0, 64.0, 103.0, 147.0, 73.0, 123.0, 132.0, 99.0, 92.0, 70.0, 154.0, 88.0, 100.0, 180.0, 125.0, 175.0, 92.0, 302.0, 50.0, 173.0, 163.0, 134.0, 123.0, 79.0, 77.0, 119.0, 168.0, 42.0, 113.0, 104.0, 39.0, 132.0, 86.0, 91.0, 137.0, 127.0, 190.0, 143.0, 195.0, 92.0, 43.0, 121.0, 64.0, 144.0, 80.0, 117.0, 117.0, 111.0, 65.0, 142.0, 76.0, 109.0, 100.0, 69.0, 98.0, 170.0, 62.0, 91.0, 25.0, 198.0, 75.0, 86.0, 111.0, 151.0, 79.0, 95.0, 139.0, 223.0, 144.0, 120.0, 108.0, 139.0, 137.0, 269.0, 135.0, 57.0, 79.0, 116.0, 170.0, 144.0, 110.0, 113.0, 95.0, 134.0, 248.0, 106.0, 143.0, 158.0, 107.0, 159.0, 160.0, 311.0, 79.0, 184.0, 134.0, 149.0, 149.0, 112.0, 155.0, 51.0, 133.0, 51.0, 153.0, 126.0, 99.0, 81.0, 102.0, 79.0, 124.0, 115.0, 144.0, 148.0, 125.0, 193.0, 85.0, 103.0, 125.0]",8.942159904891391e-08,"[22, 16, 19, 6, 27, 22]",126
0.673728813559322,"[87, 33, 46, 74]","[134.0, 166.0, 330.0, 274.0, 450.0, 211.0, 249.0, 516.0, 444.0, 30.0, 221.0, 482.0, 216.0, 311.0, 132.0, 210.0, 429.0, 479.0, 162.0, 254.0, 301.0, 348.0, 358.0, 382.0, 404.0, 196.0, 205.0, 420.0, 234.0, 279.0, 670.0, 252.0, 329.0, 115.0, 227.0, 283.0, 446.0, 327.0, 397.0, 283.0, 187.0, 271.0, 241.0, 298.0, 164.0, 387.0, 218.0, 423.0, 456.0, 362.0, 253.0, 287.0, 271.0, 663.0, 118.0, 306.0, 191.0, 300.0, 286.0, 145.0, 385.0, 393.0, 377.0, 337.0, 420.0, 267.0, 334.0, 477.0, 350.0, 150.0, 540.0, 311.0, 310.0, 705.0, 350.0, 357.0, 562.0, 597.0, 203.0, 329.0, 206.0, 455.0, 474.0, 598.0, 273.0, 217.0, 338.0, 249.0, 345.0, 134.0, 215.0, 283.0, 130.0, 465.0, 178.0, 172.0, 282.0, 185.0, 150.0, 222.0, 281.0, 370.0, 329.0, 441.0, 402.0, 55.0, 294.0, 122.0, 222.0, 178.0, 215.0, 401.0, 227.0, 370.0, 364.0, 231.0, 622.0, 367.0, 114.0, 245.0, 116.0, 292.0, 150.0, 155.0, 146.0, 225.0, 198.0, 116.0, 204.0, 291.0, 165.0, 174.0, 255.0, 127.0, 202.0, 122.0, 157.0, 95.0, 209.0, 279.0, 362.0, 215.0, 270.0, 143.0, 253.0, 204.0, 114.0, 259.0, 262.0, 126.0, 137.0, 133.0, 137.0, 317.0, 268.0, 390.0, 157.0, 387.0, 313.0, 180.0, 242.0, 212.0, 154.0, 166.0, 196.0, 257.0, 153.0, 310.0, 134.0, 150.0, 306.0, 230.0, 222.0, 207.0, 59.0, 194.0, 295.0, 342.0, 481.0, 113.0, 53.0, 197.0, 284.0, 303.0, 275.0, 170.0, 403.0, 216.0, 217.0, 111.0, 218.0, 165.0, 555.0, 186.0, 187.0, 158.0, 370.0, 435.0, 34.0, 170.0, 242.0, 203.0, 201.0, 316.0, 249.0, 285.0, 260.0, 114.0, 229.0, 330.0, 238.0, 134.0, 79.0, 211.0, 378.0, 458.0, 189.0, 370.0, 146.0, 154.0, 150.0, 360.0, 100.0, 319.0, 229.0, 119.0, 114.0, 254.0, 253.0, 190.0, 329.0, 234.0, 150.0, 270.0, 206.0, 204.0]",1.0127933452718602e-07,"[4, 34, 27, 25]",266
0.6483050847457628,"[93, 27, 58, 62]","[111.0, 68.0, 165.0, 156.0, 191.0, 99.0, 103.0, 246.0, 187.0, 43.0, 163.0, 246.0, 92.0, 133.0, 106.0, 77.0, 190.0, 219.0, 74.0, 261.0, 159.0, 192.0, 255.0, 165.0, 175.0, 139.0, 181.0, 178.0, 87.0, 235.0, 300.0, 135.0, 272.0, 26.0, 128.0, 161.0, 204.0, 183.0, 191.0, 305.0, 111.0, 164.0, 146.0, 103.0, 82.0, 219.0, 109.0, 183.0, 175.0, 144.0, 106.0, 278.0, 134.0, 430.0, 396.0, 190.0, 98.0, 119.0, 114.0, 77.0, 143.0, 522.0, 145.0, 186.0, 192.0, 166.0, 195.0, 202.0, 146.0, 58.0, 259.0, 163.0, 139.0, 346.0, 183.0, 135.0, 237.0, 282.0, 123.0, 149.0, 203.0, 206.0, 184.0, 307.0, 141.0, 105.0, 222.0, 95.0, 110.0, 124.0, 56.0, 175.0, 106.0, 205.0, 87.0, 34.0, 139.0, 100.0, 101.0, 132.0, 174.0, 163.0, 113.0, 152.0, 204.0, 82.0, 89.0, 59.0, 194.0, 173.0, 199.0, 191.0, 83.0, 151.0, 149.0, 202.0, 299.0, 172.0, 62.0, 95.0, 67.0, 91.0, 135.0, 69.0, 87.0, 103.0, 115.0, 93.0, 79.0, 103.0, 51.0, 103.0, 186.0, 135.0, 208.0, 142.0, 74.0, 75.0, 110.0, 227.0, 157.0, 100.0, 109.0, 65.0, 168.0, 159.0, 18.0, 59.0, 130.0, 45.0, 125.0, 82.0, 83.0, 130.0, 162.0, 165.0, 109.0, 164.0, 152.0, 96.0, 155.0, 125.0, 187.0, 39.0, 91.0, 113.0, 138.0, 119.0, 128.0, 66.0, 156.0, 120.0, 147.0, 140.0, 142.0, 107.0, 94.0, 147.0, 223.0, 70.0, 70.0, 121.0, 175.0, 97.0, 141.0, 154.0, 274.0, 82.0, 128.0, 78.0, 171.0, 123.0, 236.0, 82.0, 87.0, 13.0, 141.0, 200.0, 267.0, 112.0, 122.0, 97.0, 70.0, 210.0, 130.0, 145.0, 147.0, 85.0, 114.0, 171.0, 255.0, 70.0, 50.0, 155.0, 183.0, 203.0, 88.0, 149.0, 53.0, 58.0, 87.0, 126.0, 100.0, 120.0, 95.0, 87.0, 87.0, 118.0, 133.0, 200.0, 182.0, 162.0, 263.0, 120.0, 48.0, 71.0]",2.9075374483761483e-06,"[15, 5, 25, 25, 23]",156
